Model,Metric,Baseline,Enhanced,Improvement(%)
LinearRegression,rmse,2.1686310774079904e-14,2.6780555043272017e-14,-23.49059884948665
LinearRegression,mae,1.5873873025054986e-14,1.9411347461864387e-14,-22.284885555188243
LinearRegression,r2,1.0,1.0,0.0
RandomForest,rmse,1.9380713625612649,1.5469587812242735,20.180504644582083
RandomForest,mae,0.7928347837743751,0.6781147232210644,14.469604878733195
RandomForest,r2,0.9877926917346692,0.9922225385498618,0.44845916073880404
LSTM,rmse,31.30570767357634,30.58318705099613,2.3079517323611065
LSTM,mae,29.398699799683953,28.596241797395106,2.7295697012337756
LSTM,r2,-2.1851319916442895,-2.0398059792150707,6.650674329282164
