Model,Metric,Baseline,Enhanced,Improvement(%)
LinearRegression,rmse,3.412149835182769e-05,3.57451750951147e-05,-4.758515369240938
LinearRegression,mae,2.332038908615196e-05,2.506273709910761e-05,-7.471350527295814
LinearRegression,r2,0.9999999999962161,0.9999999999958474,-3.687050664794096e-11
RandomForest,rmse,2.7407434001553868,1.9612249605886867,28.44186141331236
RandomForest,mae,1.0095416647932658,0.8362301329970206,17.167348098677625
RandomForest,r2,0.9755872256453174,0.9874992748427442,1.221013240466266
LSTM,rmse,16.218884130718163,15.270187453578597,5.849333835135784
LSTM,mae,15.915069803655143,13.361441071461511,16.045350499230302
LSTM,r2,0.14508620418791496,0.24217466558245115,66.9177761855205
